{"cameraMode":{"drawMode":0,"name":"Shaded","section":"Shading Mode"},"sceneLighting":true,"audioPlay":false,"sceneViewState":{"m_AlwaysRefresh":false,"showFog":true,"showSkybox":true,"showFlares":true,"showImageEffects":true,"showParticleSystems":true,"showVisualEffectGraphs":true,"m_FxEnabled":true},"in2DMode":false,"pivot":{"x":-0.003802463412284851,"y":0.49999988079071047,"z":-0.0009590387344360352},"rotation":{"x":0.20402824878692628,"y":0.05576265975832939,"z":-0.01164113450795412,"w":0.9773074388504028},"size":7.11334753036499,"orthographic":false}